,City,Lat,Lng,Max Temp,Humidity,Cloudiness,Wind Speed,Country,Date
0,mar del plata,-38.0023,-57.5575,59.0,71,90,4.61,AR,1616052184
1,nome,64.5011,-165.4064,3.2,72,1,6.91,US,1616052185
2,bredasdorp,-34.5322,20.0403,69.8,68,6,6.91,ZA,1616052186
3,seoul,37.5683,126.9778,66.2,39,75,11.5,KR,1616052187
4,cayenne,4.9333,-52.3333,78.01,94,100,9.15,GF,1616052188
5,castro,-24.7911,-50.0119,61.52,97,80,2.8,BR,1616052188
6,busselton,-33.65,115.3333,84.99,53,0,4.0,AU,1616052189
7,kandi,11.1342,2.9386,79.77,67,100,6.64,BJ,1616052190
8,mataura,-46.1927,168.8643,55.0,79,0,5.01,NZ,1616052191
9,corowa,-36.0333,146.3833,80.01,39,100,5.32,AU,1616052191
10,dzhebariki-khaya,62.2167,135.8,17.92,84,100,7.02,RU,1616052192
11,kargasok,59.0556,80.8572,28.87,91,96,8.75,RU,1616052193
12,tuktoyaktuk,69.4541,-133.0374,-13.72,93,79,3.13,CA,1616052194
13,arvika,59.6553,12.5852,28.4,74,40,4.61,SE,1616052195
14,cape town,-33.9258,18.4232,69.01,82,20,14.97,ZA,1616052156
15,byron bay,-28.65,153.6167,73.4,83,75,13.8,AU,1616052149
16,sorland,67.667,12.6934,33.8,69,0,14.97,NO,1616052197
17,maltahohe,-24.8333,16.9833,73.02,16,0,4.68,NA,1616052198
18,hermanus,-34.4187,19.2345,70.0,76,0,3.0,ZA,1616052198
19,tura,25.5198,90.2201,92.55,11,0,6.08,IN,1616052199
20,victoria,22.2855,114.1577,80.6,65,40,13.8,HK,1616052128
21,samandag,36.0842,35.9771,60.8,55,40,24.16,TR,1616052202
22,kapaa,22.0752,-159.319,70.0,78,40,21.85,US,1616051906
23,tasiilaq,65.6145,-37.6368,34.9,97,100,16.15,GL,1616052203
24,nouakchott,18.0858,-15.9785,64.4,82,0,8.05,MR,1616052073
25,devils lake,48.1128,-98.8651,24.8,63,1,3.47,US,1616052204
26,hithadhoo,-0.6,73.0833,83.64,66,88,7.14,MV,1616052205
27,nikolskoye,59.7035,30.7861,30.2,74,90,8.95,RU,1616052206
28,taos,36.4072,-105.5731,28.99,74,1,9.22,US,1616052207
29,qaanaaq,77.484,-69.3632,-17.07,91,9,1.14,GL,1616052207
30,uthal,25.8072,66.6219,94.26,13,85,5.66,PK,1616052208
31,barrow,71.2906,-156.7887,-5.8,77,1,10.36,US,1616052209
32,dikson,73.5069,80.5464,-7.2,92,100,11.27,RU,1616052210
33,macherla,16.4833,79.4333,97.77,23,62,10.4,IN,1616052210
34,butaritari,3.0707,172.7902,81.7,77,17,10.85,KI,1616052211
35,torbay,47.6666,-52.7314,19.99,86,90,5.75,CA,1616052212
36,gidole,5.65,37.3667,70.11,48,64,3.4,ET,1616052213
37,tezu,27.9167,96.1667,96.06,14,0,4.52,IN,1616051950
38,saskylakh,71.9167,114.0833,-15.25,89,100,8.39,RU,1616052214
39,great falls,47.5002,-111.3008,44.6,39,1,16.11,US,1616051823
40,front royal,38.9182,-78.1944,46.0,100,90,2.95,US,1616052215
41,coos bay,43.3665,-124.2179,41.0,93,1,6.91,US,1616052095
42,melton mowbray,52.7659,-0.8869,43.0,52,100,1.01,GB,1616052217
43,corinto,37.9407,22.9573,55.0,48,0,8.99,GR,1616052217
44,borogontsy,62.6683,131.1683,4.1,80,0,8.25,RU,1616052218
45,inuvik,68.3499,-133.7218,-9.4,77,17,6.91,CA,1616052219
46,vila franca do campo,37.7167,-25.4333,57.2,77,75,5.75,PT,1616052220
47,punta arenas,-53.15,-70.9167,48.2,71,0,18.41,CL,1616052221
48,albany,42.6001,-73.9662,37.0,77,100,3.0,US,1616051996
49,katsuura,35.1333,140.3,63.0,55,20,10.36,JP,1616052222
50,touros,-5.1989,-35.4608,75.2,88,20,2.3,BR,1616052223
51,nefteyugansk,61.0998,72.6035,33.8,86,40,11.18,RU,1616052224
52,port-gentil,-0.7193,8.7815,77.0,100,75,5.75,GA,1616052117
53,rikitea,-23.1203,-134.9692,75.52,85,100,15.28,PF,1616052225
54,maralal,1.0968,36.698,69.35,53,80,6.38,KE,1616052226
55,ugoofaaru,5.6667,73.0,83.44,65,62,6.89,MV,1616052227
56,east london,-33.0153,27.9116,73.8,80,65,11.12,ZA,1616052227
57,nuuk,64.1835,-51.7216,19.4,93,90,11.5,GL,1616052228
58,chuy,-33.6971,-53.4616,63.93,86,51,10.98,UY,1616052229
59,bluff,-46.6,168.3333,55.0,79,3,5.01,NZ,1616052230
60,new norfolk,-42.7826,147.0587,75.99,41,0,1.99,AU,1616052231
61,vanderhoof,54.0166,-124.0198,30.76,93,99,1.01,CA,1616052232
62,cherskiy,68.75,161.3,-10.32,86,31,3.91,RU,1616052233
63,luau,-10.7073,22.2247,69.58,92,100,1.99,AO,1616052233
64,port alfred,-33.5906,26.891,72.39,86,97,14.79,ZA,1616052234
65,vaini,-21.2,-175.2,75.2,88,40,1.14,TO,1616052235
66,gat,31.61,34.7642,63.0,100,3,10.54,IL,1616052235
67,hobart,-42.8794,147.3294,75.99,56,20,17.27,AU,1616052104
68,upernavik,72.7868,-56.1549,-7.1,96,100,11.99,GL,1616052237
69,vanimo,-2.6741,141.3028,83.53,72,83,7.78,PG,1616052237
70,khandyga,62.6667,135.6,15.1,84,100,7.61,RU,1616052238
71,fortuna,40.5982,-124.1573,51.01,62,90,26.46,US,1616052239
72,hilo,19.7297,-155.09,69.8,78,90,4.61,US,1616051753
73,arraial do cabo,-22.9661,-42.0278,75.74,88,40,18.81,BR,1616052241
74,acapulco,16.8634,-99.8901,73.65,87,12,3.44,MX,1616052161
75,mahebourg,-20.4081,57.7,84.2,58,40,11.5,MU,1616052242
76,ilulissat,69.2167,-51.1,14.0,79,75,9.22,GL,1616052243
77,bridlington,54.0831,-0.1919,45.0,85,100,1.01,GB,1616052244
78,zyryanka,65.75,150.85,2.07,86,22,4.85,RU,1616052245
79,san joaquin,37.9333,-121.3011,50.0,81,90,5.75,US,1616052245
80,ushuaia,-54.8,-68.3,50.0,71,40,10.25,AR,1616052089
81,wuda,39.4994,106.7117,53.01,27,100,3.53,CN,1616052247
82,filadelfia,39.9523,-75.1638,45.0,87,90,4.61,US,1616052243
83,pouembout,-21.1333,164.9,80.38,75,25,5.64,NC,1616052248
84,ashtian,34.5217,50.0019,69.8,19,40,18.41,IR,1616052249
85,hofn,64.2539,-15.2082,46.8,71,0,7.31,IS,1616052249
86,airai,-8.9266,125.4092,69.48,81,98,1.28,TL,1616052250
87,bengkulu,-3.8004,102.2655,84.88,64,92,8.37,ID,1616052251
88,menongue,-14.6585,17.691,68.63,86,94,2.86,AO,1616052251
89,paamiut,61.994,-49.6678,21.76,91,100,15.28,GL,1616052252
90,kortkeros,61.8106,51.5806,28.4,69,20,8.95,RU,1616052253
91,mbanza-ngungu,-5.25,14.8667,69.58,92,99,4.97,CD,1616052254
92,tilichiki,60.4667,166.1,7.97,94,100,8.66,RU,1616052255
93,cabo san lucas,22.8909,-109.9124,62.01,75,0,1.99,MX,1616052075
94,puerto escondido,15.85,-97.0667,75.22,74,0,4.7,MX,1616052256
95,yumen,40.2833,97.2,44.91,23,100,17.05,CN,1616052257
96,sao joao da barra,-21.6403,-41.0511,73.87,89,37,12.1,BR,1616052206
97,port lincoln,-34.7333,135.8667,74.75,57,0,9.66,AU,1616052258
98,yellowknife,62.456,-114.3525,19.4,73,75,8.05,CA,1616052062
99,tiksi,71.6872,128.8694,-26.27,93,100,5.88,RU,1616052260
100,brownsville,25.9018,-97.4975,66.0,76,1,11.36,US,1616052261
101,srikakulam,18.3,83.9,91.94,38,64,11.25,IN,1616052262
102,lompoc,34.6391,-120.4579,48.2,87,1,4.29,US,1616052262
103,mungeli,22.0667,81.6833,99.75,12,24,4.41,IN,1616052263
104,jibuti,11.5,42.5,84.2,61,75,3.44,DJ,1616052264
105,los llanos de aridane,28.6585,-17.9182,62.6,72,0,12.66,ES,1616052264
106,souillac,-20.5167,57.5167,84.2,58,40,11.5,MU,1616052265
107,ellensburg,46.9965,-120.5479,39.2,75,1,4.61,US,1616052266
108,puerto ayora,-0.7393,-90.3518,73.99,93,17,1.01,EC,1616052267
109,pangody,65.85,74.4859,-6.56,89,90,4.52,RU,1616052267
110,archidona,37.0965,-4.3887,53.01,69,0,3.02,ES,1616052268
111,beringovskiy,63.05,179.3167,-14.44,89,0,4.68,RU,1616052269
112,kayerkan,69.3497,87.7602,-19.89,90,48,6.6,RU,1616052269
113,kavaratti,10.5669,72.642,83.07,65,68,1.28,IN,1616052270
114,dukat,62.55,155.55,-8.23,90,0,3.06,RU,1616052271
115,myaundzha,63.0494,147.1858,-4.38,87,0,2.77,RU,1616052272
116,dudinka,69.4058,86.1778,-20.51,89,51,8.68,RU,1616052273
117,bethel,41.3712,-73.414,44.6,70,90,4.61,US,1616052273
118,vaitape,-16.5167,-151.75,82.72,73,0,10.36,PF,1616052274
119,santa barbara,34.7333,-120.0343,46.99,93,1,1.07,US,1616052094
120,iqaluit,63.7506,-68.5145,-20.0,69,20,8.05,CA,1616052276
121,ostrovnoy,68.0531,39.5131,9.16,87,3,1.36,RU,1616052277
122,salalah,17.0151,54.0924,82.4,54,0,9.22,OM,1616052036
123,sabang,5.8933,95.3214,83.35,71,0,13.6,ID,1616052278
124,zhigansk,66.7697,123.3711,-15.34,86,100,12.68,RU,1616052279
125,mbekenyera,-10.0,38.9833,78.15,87,59,0.98,TZ,1616052280
126,sinnamary,5.3833,-52.95,75.4,83,17,9.51,GF,1616052280
127,sovetskiy,61.3614,63.5842,26.98,92,100,8.43,RU,1616052028
128,makat,47.6469,53.3463,42.04,53,100,24.63,KZ,1616052282
129,pevek,69.7008,170.3133,-23.22,98,0,5.14,RU,1616052283
130,ronne,55.1009,14.7066,35.6,100,75,3.44,DK,1616052284
131,san luis,-33.295,-66.3356,52.84,82,100,12.53,AR,1616052284
132,klaksvik,62.2266,-6.589,42.8,100,93,17.63,FO,1616052285
133,the pas,53.8251,-101.2541,30.2,69,90,10.36,CA,1616052286
134,shimanovsk,52.0,127.7,27.95,66,67,7.92,RU,1616052286
135,hamilton,39.1834,-84.5333,55.99,94,90,6.91,US,1616052287
136,buchanan,5.8808,-10.0467,73.4,94,40,3.69,LR,1616052288
137,garowe,8.4054,48.4845,77.88,57,99,7.27,SO,1616052288
138,esperance,-33.8667,121.9,91.4,22,0,16.11,AU,1616052289
139,iracoubo,5.4802,-53.2011,75.43,80,15,9.26,GF,1616052290
140,necochea,-38.5473,-58.7368,53.01,76,67,3.0,AR,1616052291
141,atuona,-9.8,-139.0333,80.31,78,97,11.48,PF,1616052291
142,longyearbyen,78.2186,15.6401,6.8,61,75,14.97,SJ,1616052292
143,beruwala,6.4788,79.9828,82.44,77,100,6.15,LK,1616052293
144,purranque,-40.9167,-73.1667,44.6,93,0,0.76,CL,1616052219
145,lorengau,-2.0226,147.2712,83.34,74,65,3.38,PG,1616052294
146,provideniya,64.3833,-173.3,-0.4,65,0,4.47,RU,1616052295
147,bilma,18.6853,12.9164,79.48,14,0,10.33,NE,1616052295
148,phan thiet,10.9333,108.1,85.96,61,0,14.61,VN,1616052296
149,bairiki,1.3292,172.9752,82.4,74,40,9.22,KI,1616052297
150,presidente epitacio,-21.7633,-52.1156,70.56,91,100,3.78,BR,1616052020
151,sabancuy,18.9667,-91.1833,78.12,69,0,10.85,MX,1616052299
152,georgetown,5.4112,100.3354,89.6,51,20,10.36,MY,1616052300
153,kavieng,-2.5744,150.7967,84.47,65,50,1.61,PG,1616052301
154,chittur,10.7,76.75,93.2,26,3,4.61,IN,1616052301
155,alekseyevsk,57.8406,108.3492,24.3,81,100,6.71,RU,1616052302
156,faanui,-16.4833,-151.75,82.72,73,0,10.25,PF,1616052303
157,saint george,37.1041,-113.5841,51.01,71,1,4.61,US,1616052303
158,edd,13.9297,41.6925,89.94,33,93,13.71,ER,1616052305
159,sirsilla,18.3833,78.8333,97.45,20,0,5.93,IN,1616052305
160,odienne,9.51,-7.5692,73.83,80,99,4.83,CI,1616052306
161,jieshi,22.8134,115.8257,82.99,67,10,1.99,CN,1616052307
162,natal,-5.795,-35.2094,77.0,88,40,4.61,BR,1616052297
163,sao filipe,14.8961,-24.4956,70.92,74,0,5.7,CV,1616052308
164,carupano,10.6678,-63.2585,73.9,89,100,9.71,VE,1616052309
165,nanortalik,60.1432,-45.2371,28.31,85,100,17.52,GL,1616052310
166,hasaki,35.7333,140.8333,63.0,54,20,12.66,JP,1616052310
167,avarua,-21.2078,-159.775,78.8,89,75,10.36,CK,1616052311
168,pangai,-19.8,-174.35,82.4,78,20,4.61,TO,1616052312
169,jacareacanga,-6.2222,-57.7528,73.49,97,100,2.13,BR,1616052312
170,port elizabeth,-33.918,25.5701,71.6,88,75,9.22,ZA,1616052313
171,la ronge,55.1001,-105.2842,33.8,64,40,4.61,CA,1616052314
172,maningrida,-12.0667,134.2667,86.4,66,100,5.53,AU,1616052314
173,lebu,-37.6167,-73.65,52.47,83,0,4.74,CL,1616052316
174,khatanga,71.9667,102.5,-19.66,85,1,3.11,RU,1616052316
175,jamestown,42.097,-79.2353,44.6,70,90,5.28,US,1616052233
176,kirakira,-10.4544,161.9205,80.44,80,100,1.7,SB,1616052318
177,severo-kurilsk,50.6789,156.125,32.94,97,93,15.93,RU,1616052318
178,northam,51.0333,-4.2167,41.0,91,35,4.21,GB,1616052319
179,narsaq,60.9167,-46.05,28.4,93,90,29.93,GL,1616052320
180,vao,-22.6667,167.4833,75.99,78,100,23.73,NC,1616052320
181,havoysund,70.9963,24.6622,28.4,69,75,23.02,NO,1616052321
182,puerto princesa,9.7392,118.7353,89.6,66,20,9.22,PH,1616052322
183,konce,41.4958,22.385,38.79,57,19,11.97,MK,1616052323
184,mareeba,-17.0,145.4333,84.2,74,33,10.36,AU,1616052323
185,waipawa,-41.4122,175.5153,57.2,62,3,9.22,NZ,1616052324
186,yingcheng,30.95,113.55,50.0,100,90,6.71,CN,1616052325
187,kaeo,-35.1,173.7833,64.99,75,86,8.01,NZ,1616052325
188,bac lieu,9.285,105.7244,86.54,57,0,13.24,VN,1616052326
189,labuhan,-6.8844,112.2051,85.53,71,100,7.94,ID,1616052327
190,walvis bay,-22.9575,14.5053,64.0,72,75,4.61,NA,1616052328
191,margate,51.3813,1.3862,43.0,82,100,8.01,GB,1616052328
192,kathmandu,27.7167,85.3167,77.0,33,20,4.61,NP,1616052182
193,saint-philippe,-21.3585,55.7679,84.2,65,0,24.16,RE,1616052329
194,kenai,60.5544,-151.2583,16.0,67,1,5.75,US,1616052330
195,eureka,40.8021,-124.1637,51.01,66,100,7.0,US,1616052331
196,ibra,22.6906,58.5334,92.43,13,0,5.84,OM,1616052332
197,nhulunbuy,-12.2333,136.7667,77.0,94,75,6.91,AU,1616052315
198,villa rica,33.7321,-84.9191,62.01,95,100,7.0,US,1616052333
199,alenquer,-1.9417,-54.7383,75.2,100,20,3.09,BR,1616052334
200,spoleto,42.7448,12.7374,41.0,75,20,14.97,IT,1616052334
201,cap malheureux,-19.9842,57.6142,84.0,66,0,10.0,MU,1616052335
202,namibe,-15.1961,12.1522,71.6,83,40,6.91,AO,1616052336
203,mogadouro,41.3403,-6.7119,37.0,83,0,4.0,PT,1616052336
204,kudahuvadhoo,2.6708,72.8944,83.01,67,67,4.81,MV,1616052337
205,ponta do sol,32.6667,-17.1,62.6,55,20,17.27,PT,1616052338
206,aksarka,66.5606,67.7975,-4.43,91,100,3.83,RU,1616052339
207,brejo,-3.6844,-42.7503,71.62,98,69,1.28,BR,1616052339
208,mogadishu,2.0371,45.3438,84.2,65,75,10.36,SO,1616052045
209,liuzhou,24.3126,109.3892,84.27,55,74,11.95,CN,1616052341
210,lagoa,39.05,-27.9833,58.33,83,100,20.51,PT,1616052341
211,henderson,36.0397,-114.9819,57.2,37,1,5.75,US,1616052342
212,fare,-16.7,-151.0167,82.47,73,1,10.04,PF,1616052343
213,woodward,36.4337,-99.3904,37.0,87,90,14.97,US,1616052343
214,ruvo di puglia,41.1136,16.4878,46.0,70,20,6.91,IT,1616052344
215,yulara,-25.2406,130.9889,89.6,12,0,13.8,AU,1616052345
216,nelson bay,-32.7167,152.15,66.2,100,75,5.75,AU,1616052345
217,shakiso,5.75,38.9167,72.09,58,100,6.76,ET,1616052347
218,shahi,28.55,79.3167,97.65,9,59,13.89,IN,1616052347
219,kodiak,57.79,-152.4072,35.6,51,90,13.8,US,1616052348
220,spartanburg,34.9496,-81.9321,52.0,100,90,4.61,US,1616052349
221,roald,62.5833,6.1333,39.2,87,75,5.75,NO,1616052350
222,tursunzoda,38.5144,68.2333,68.0,28,84,8.95,TJ,1616052351
223,lavrentiya,65.5833,-171.0,-11.58,82,27,7.34,RU,1616052351
224,khuzhir,53.1939,107.3397,22.86,73,80,3.94,RU,1616052352
225,ewa beach,21.3156,-158.0072,71.6,64,1,8.05,US,1616052353
226,bubaque,11.2833,-15.8333,75.72,67,0,12.33,GW,1616052354
227,umm kaddadah,13.6017,26.6876,84.61,14,90,13.65,SD,1616052355
228,santa cruz do capibaribe,-7.9575,-36.2047,66.31,95,11,1.83,BR,1616052356
229,luderitz,-26.6481,15.1594,64.31,73,0,7.29,NA,1616052201
230,pisco,-13.7,-76.2167,68.0,77,0,8.05,PE,1616052297
231,richards bay,-28.783,32.0377,76.06,87,100,9.66,ZA,1616052357
232,srednekolymsk,67.45,153.6833,0.05,85,100,2.73,RU,1616052358
233,port macquarie,-31.4333,152.9167,66.2,100,75,4.61,AU,1616052186
234,alofi,-19.0595,-169.9187,78.8,89,100,3.44,NU,1616052360
235,miraflores,19.2167,-98.8083,62.6,48,1,5.75,MX,1616052361
236,aykhal,66.0,111.5,7.16,90,100,23.8,RU,1616052362
237,norman wells,65.282,-126.8329,-4.0,84,75,2.3,CA,1616052362
238,te anau,-45.4167,167.7167,54.77,74,0,3.85,NZ,1616052363
239,san ramon,37.7799,-121.978,50.0,71,90,1.97,US,1616052210
240,broome,42.2506,-75.833,36.0,93,90,5.75,US,1616052365
241,umka,44.6781,20.3047,37.4,81,75,13.8,RS,1616052365
242,komsomolskiy,40.4272,71.7189,46.4,71,24,4.61,UZ,1616052366
243,karratha,-20.7377,116.8463,91.4,47,27,18.12,AU,1616052367
244,padang,-0.9492,100.3543,86.0,79,40,10.36,ID,1616052368
245,sur,22.5667,59.5289,89.82,30,0,4.83,OM,1616052369
246,bonavista,48.6499,-53.1147,19.0,85,1,9.22,CA,1616052369
247,marystown,47.1666,-55.1483,27.0,84,99,8.14,CA,1616052370
248,darhan,49.4867,105.9228,26.91,77,100,13.18,MN,1616052371
249,olivenza,38.6832,-7.103,42.8,81,0,5.75,ES,1616052373
250,grand gaube,-20.0064,57.6608,84.0,66,0,10.0,MU,1616052373
251,pampa,35.5362,-100.9599,35.6,80,0,17.27,US,1616052374
252,vozhega,60.4725,40.2213,24.01,93,93,7.07,RU,1616052375
253,flinders,-34.5833,150.8552,70.0,90,100,3.0,AU,1616052375
254,ancud,-41.8697,-73.8203,44.6,87,0,6.91,CL,1616052376
255,talaya,61.3833,152.75,-6.47,92,0,1.5,RU,1616052377
256,chimbote,-9.0853,-78.5783,72.1,77,99,4.74,PE,1616052301
257,ahipara,-35.1667,173.1667,63.99,74,5,9.13,NZ,1616052378
258,atasu,48.6814,71.6433,25.03,75,0,5.66,KZ,1616052379
259,salina cruz,16.1667,-95.2,75.88,81,0,6.08,MX,1616052379
260,vuktyl,63.8567,57.3094,30.61,96,100,9.1,RU,1616052380
261,lincoln,40.8,-96.667,34.0,80,90,21.85,US,1616052381
262,geraldton,-28.7667,114.6,91.4,38,0,14.97,AU,1616052382
263,toamasina,-18.1667,49.3833,82.4,78,40,9.22,MG,1616052382
264,lakes entrance,-37.8811,147.981,70.0,73,100,5.01,AU,1616052383
265,kahului,20.8947,-156.47,68.0,77,90,18.41,US,1616052384
266,sotnikovo,51.8845,107.4791,28.4,43,40,4.47,RU,1616052384
267,port hedland,-20.3167,118.5667,95.0,34,40,20.71,AU,1616052385
268,palmer,42.1584,-72.3287,39.2,75,90,4.9,US,1616052386
269,kaitangata,-46.2817,169.8464,49.3,76,0,1.72,NZ,1616052386
270,codrington,-38.2667,141.9667,68.07,68,0,12.71,AU,1616052387
271,moranbah,-22.0016,148.0466,81.41,62,100,10.42,AU,1616052388
272,cockburn town,21.4612,-71.1419,74.07,75,21,17.47,TC,1616052389
273,bilibino,68.0546,166.4372,-16.4,90,0,3.02,RU,1616052389
274,jeremie,18.65,-74.1167,74.07,80,0,3.96,HT,1616052390
275,igrim,63.1906,64.4162,30.43,91,100,7.34,RU,1616052391
276,porto seguro,-16.4497,-39.0647,73.4,94,40,2.3,BR,1616052391
277,omboue,-1.5746,9.2618,76.62,90,100,5.37,GA,1616052392
278,alytus,54.4,24.05,32.0,80,90,4.61,LT,1616052393
279,chechen-aul,43.2,45.7889,41.0,93,90,13.42,RU,1616052394
280,mehamn,71.0357,27.8492,23.0,74,40,16.11,NO,1616052395
281,almaznyy,48.0448,40.045,41.0,93,40,8.95,RU,1616052396
282,isangel,-19.55,169.2667,84.2,74,75,14.9,VU,1616052397
283,quatre cocos,-20.2078,57.7625,84.2,58,40,11.5,MU,1616052397
284,saquarema,-22.92,-42.5103,72.7,88,72,6.98,BR,1616052398
285,tuatapere,-46.1333,167.6833,55.0,79,32,5.01,NZ,1616052399
286,adrar,20.5022,-10.0711,65.95,15,0,7.43,MR,1616052400
287,kurmanayevka,52.5093,52.0675,32.65,90,100,15.95,RU,1616052400
288,atar,20.5169,-13.0499,70.86,13,0,8.63,MR,1616052401
289,asau,46.4333,26.4,36.0,63,100,7.72,RO,1616052402
290,honjo,36.2333,139.1833,62.01,37,0,3.0,JP,1616052402
291,taltal,-25.4,-70.4833,63.61,90,91,3.65,CL,1616052403
292,caxito,-8.5785,13.6643,82.4,78,40,5.75,AO,1616052404
293,trelew,-43.249,-65.3051,50.74,61,0,11.54,AR,1616052405
294,bata,1.8639,9.7658,80.6,89,40,4.29,GQ,1616052405
295,vryburg,-26.9566,24.7284,72.66,58,0,7.72,ZA,1616052406
296,aswan,24.0934,32.907,75.52,14,0,15.52,EG,1616052407
297,carnarvon,-24.8667,113.6333,89.6,58,0,18.41,AU,1616052407
298,akyab,20.15,92.9,84.49,41,28,13.13,MM,1616052408
299,chokurdakh,70.6333,147.9167,-20.51,93,100,14.76,RU,1616052409
300,bollnas,61.3482,16.3946,33.01,73,68,3.0,SE,1616052409
301,petrivka,46.9695,30.9591,39.2,100,90,13.42,UA,1616052410
302,thompson,55.7435,-97.8558,24.8,58,1,8.05,CA,1616052411
303,song phi nong,14.2241,100.0209,100.99,52,99,1.52,TH,1616052412
304,villazon,-22.0866,-65.5942,48.45,76,100,9.01,BO,1616052413
305,mayumba,-3.432,10.6554,79.23,84,90,6.15,GA,1616052413
306,matara,5.9485,80.5353,85.77,58,100,2.39,LK,1616052344
307,hoquiam,46.9809,-123.8893,44.01,81,1,5.75,US,1616052415
308,tiznit,29.5833,-9.5,53.87,89,83,2.66,MA,1616052415
309,horsham,51.064,-0.3272,41.0,87,75,8.05,GB,1616052416
310,nanga eboko,4.6833,12.3667,69.91,95,100,2.77,CM,1616052417
311,ribeira grande,38.5167,-28.7,60.8,88,75,14.97,PT,1616052417
312,westport,41.1415,-73.3579,42.8,81,90,3.44,US,1616052419
313,harper,4.375,-7.7169,77.65,89,100,6.82,LR,1616052419
314,big rapids,43.6981,-85.4837,35.01,100,90,5.75,US,1616052420
315,north adams,42.7009,-73.1087,37.0,86,90,3.06,US,1616052421
316,kotelnich,58.3089,48.348,23.77,91,100,6.78,RU,1616052422
317,moose factory,51.2585,-80.6094,5.0,78,75,13.8,CA,1616052422
318,seda,57.65,25.75,30.99,89,94,4.0,LV,1616052423
319,cidreira,-30.1811,-50.2056,70.36,89,2,10.07,BR,1616052424
320,ambulu,-8.345,113.6058,84.47,79,96,6.4,ID,1616052424
321,mackay,-21.15,149.2,78.8,83,40,9.22,AU,1616052426
322,kiiu,59.4478,25.3794,33.01,80,75,6.91,EE,1616052426
323,kalmunai,7.4167,81.8167,84.07,65,100,9.82,LK,1616052378
324,mount gambier,-37.8333,140.7667,77.0,44,0,16.11,AU,1616052427
325,kashmor,28.4333,69.5833,96.04,12,48,15.93,PK,1616052428
326,kampene,-3.6,26.6667,74.25,84,100,1.03,CD,1616052429
327,qostanay,53.1667,63.5833,19.4,63,0,13.42,KZ,1616052430
328,erzin,36.9559,36.2,60.01,66,65,4.0,TR,1616052430
329,amurzet,47.6967,131.0981,36.48,41,2,12.24,RU,1616052431
330,mount isa,-20.7333,139.5,93.2,24,40,16.11,AU,1616052432
331,karawang,-6.3042,107.3079,93.0,66,40,5.75,ID,1616052432
332,whitehorse,60.7161,-135.0538,26.6,93,90,12.66,CA,1616052433
333,tahta,26.7693,31.5021,60.8,39,0,4.61,EG,1616052434
334,bonthe,7.5264,-12.505,76.14,74,100,2.57,SL,1616052435
335,ramhormoz,31.28,49.6035,89.6,23,75,4.61,IR,1616052435
336,ixtapa,20.7,-105.2,64.0,84,0,2.95,MX,1616052436
337,sunyani,7.3399,-2.3268,73.38,88,100,3.47,GH,1616052437
338,katherine,-14.4667,132.2667,86.0,66,97,11.5,AU,1616052437
339,vardo,70.3705,31.1107,24.8,93,75,28.77,NO,1616052438
340,kondinskoye,59.6481,67.41,27.73,92,100,10.78,RU,1616052439
341,nouadhibou,20.931,-17.0347,60.8,88,0,14.97,MR,1616052439
342,lac du bonnet,50.2536,-96.0612,26.01,99,0,3.33,CA,1616052440
343,huanan,46.2167,130.5167,34.57,67,0,6.31,CN,1616052441
344,ponta delgada,37.7333,-25.6667,57.2,77,75,5.75,PT,1616052442
345,rocha,-34.4833,-54.3333,61.45,88,89,11.88,UY,1616052442
346,port blair,11.6667,92.75,87.3,57,0,9.91,IN,1616052443
347,katobu,-4.9408,122.5276,89.4,58,4,2.01,ID,1616052444
348,touba,8.2833,-7.6833,71.64,88,100,4.5,CI,1616052445
349,kawalu,-7.3817,108.2082,86.7,62,100,5.23,ID,1616052446
350,syracuse,37.0881,15.2792,50.0,93,75,5.75,IT,1616052446
351,yar-sale,66.8333,70.8333,-8.41,93,100,6.11,RU,1616052447
352,shizilu,35.1711,118.8289,51.6,35,99,5.86,CN,1616052378
353,oktyabrskiy,54.4815,53.471,27.7,91,100,14.52,RU,1616052448
354,half moon bay,37.4636,-122.4286,51.8,76,90,9.22,US,1616052449
355,gra liyia,35.0167,25.6833,57.2,58,20,9.22,GR,1616052450
356,kalaleh,37.3807,55.4916,80.6,41,75,4.61,IR,1616052209
357,sunbury,-37.5833,144.7333,77.0,43,0,10.36,AU,1616052367
358,harrismith,-28.2728,29.1295,65.21,68,0,3.8,ZA,1616052451
359,san francisco,37.7749,-122.4194,52.0,62,75,4.61,US,1616051856
360,brainerd,46.358,-94.2008,33.8,75,1,8.05,US,1616052453
361,hualmay,-11.0964,-77.6139,70.79,81,98,7.63,PE,1616052453
362,benito juarez,19.385,-99.165,62.6,48,1,5.75,MX,1616052454
363,lazaro cardenas,17.9583,-102.2,69.3,85,0,4.43,MX,1616052455
364,west bay,19.3667,-81.4167,78.01,79,0,1.01,KY,1616052455
365,banda aceh,5.5577,95.3222,84.61,73,56,13.49,ID,1616052303
366,svetlogorsk,52.6333,29.7333,33.26,94,99,8.72,BY,1616052457
367,san patricio,28.017,-97.5169,62.6,39,20,14.97,US,1616052457
368,leningradskiy,69.3833,178.4167,-16.94,89,56,7.67,RU,1616052458
369,north platte,41.1239,-100.7654,35.6,75,90,8.05,US,1616052459
370,lichinga,-13.3128,35.2406,68.0,94,75,4.61,MZ,1616052459
371,san pedro ayampuc,14.7867,-90.4511,61.0,94,20,3.13,GT,1616052460
372,sao jose da coroa grande,-8.8978,-35.1478,76.98,80,40,5.23,BR,1616052461
373,sitka,57.0531,-135.33,37.4,65,90,5.75,US,1616052463
374,ahero,-0.1746,34.9163,77.0,65,40,4.61,KE,1616052463
375,ormara,25.2088,64.6357,77.97,63,25,10.02,PK,1616052464
376,kibre mengist,5.8833,38.9833,72.46,59,100,5.35,ET,1616052264
377,gushikawa,26.3544,127.8686,75.2,73,90,4.61,JP,1616052465
378,khani,41.9563,42.9566,55.4,71,75,8.05,GE,1616052466
379,ust-ilimsk,58.0006,102.6619,23.68,83,100,7.87,RU,1616052467
380,havre-saint-pierre,50.2334,-63.5986,15.8,92,20,4.61,CA,1616052467
381,skagen,57.7209,10.5839,33.01,86,100,5.99,DK,1616052468
382,bereda,43.2686,-7.5406,43.0,100,73,8.99,ES,1616052469
383,brockville,44.5834,-75.6826,35.01,100,90,5.35,CA,1616052469
384,kamaishi,39.2667,141.8833,42.8,56,75,9.22,JP,1616052470
385,bocas del toro,9.3333,-82.25,62.01,95,43,1.01,PA,1616052471
386,contamana,-7.3333,-75.0167,72.37,90,65,2.01,PE,1616052472
387,arlit,18.7369,7.3853,80.53,14,1,9.8,NE,1616052472
388,hermosillo,29.0667,-110.9667,55.99,45,0,3.0,MX,1616052368
389,warrnambool,-38.3833,142.4833,75.99,55,0,13.6,AU,1616052474
390,presidencia roque saenz pena,-26.7852,-60.4388,62.19,85,3,7.31,AR,1616052205
391,hearst,49.6835,-83.6665,17.6,57,95,11.5,CA,1616052475
392,fayetteville,35.0527,-78.8784,51.8,87,90,5.75,US,1616052475
393,oistins,13.0667,-59.5333,75.2,69,40,10.36,BB,1616052476
394,mujiayingzi,42.1167,118.7833,47.95,22,0,13.33,CN,1616052477
395,lokbatan,40.3237,49.728,46.4,100,75,20.71,AZ,1616052478
396,nantucket,41.2835,-70.0995,39.0,88,64,6.44,US,1616052196
397,moree,-29.4667,149.85,84.2,42,75,4.61,AU,1616052479
398,tucumcari,35.1717,-103.725,35.6,75,1,3.44,US,1616052480
399,yozgat,39.5833,35.3333,36.91,57,44,10.18,TR,1616052480
400,ridgecrest,35.6225,-117.6709,55.99,28,1,6.91,US,1616052481
401,olga,43.7444,135.2892,41.41,41,0,11.88,RU,1616052482
402,turka,49.1541,23.0297,33.01,79,100,10.42,UA,1616052482
403,hambantota,6.1241,81.1185,82.4,78,90,4.61,LK,1616052483
404,astoria,46.1879,-123.8313,42.01,87,1,4.61,US,1616052484
405,ayan,56.45,138.1667,25.95,68,64,7.11,RU,1616052484
406,kouango,4.9934,19.9619,73.78,85,100,5.73,CF,1616052485
407,kharod,21.75,82.5667,100.45,12,3,4.38,IN,1616052486
408,hirara,24.8,125.2833,77.0,78,20,11.5,JP,1616052487
409,key west,24.5557,-81.7826,77.0,83,90,9.22,US,1616052427
410,castiglione del lago,43.1271,12.0453,43.0,78,60,5.08,IT,1616052488
411,verkh-usugli,52.7,115.1667,26.37,61,100,2.57,RU,1616052489
412,basoko,1.2391,23.616,72.25,91,100,0.4,CD,1616052489
413,kattivakkam,13.2167,80.3167,87.8,48,40,6.91,IN,1616052242
414,sveio,59.5419,5.3518,41.0,81,0,4.61,NO,1616052491
415,meulaboh,4.1363,96.1285,85.5,64,23,6.98,ID,1616052492
416,lebedinyy,58.5167,125.5167,18.27,89,100,8.46,RU,1616052492
417,jiexiu,37.0244,111.9125,53.35,54,99,3.91,CN,1616052494
418,kamenka,51.3223,42.7678,30.99,93,100,2.44,RU,1616052494
419,rawson,-43.3002,-65.1023,51.55,63,0,13.67,AR,1616052495
420,nabire,-3.3667,135.4833,85.03,71,51,4.32,ID,1616052306
421,three hills,51.7001,-113.2686,37.0,74,100,6.91,CA,1616052497
422,vila velha,-20.3297,-40.2925,79.0,94,0,2.3,BR,1616052498
423,semey,50.4111,80.2275,24.8,68,0,15.66,KZ,1616052202
424,dekar,-21.5333,21.9333,74.57,63,74,5.1,BW,1616052499
425,pacasmayo,-7.4006,-79.5714,74.21,73,100,8.57,PE,1616052500
426,svetlyy,54.675,20.1347,35.01,93,75,8.95,RU,1616052502
427,abadan,30.3392,48.3043,82.4,47,20,9.22,IR,1616052503
428,caravelas,-17.7125,-39.2481,73.51,91,0,3.51,BR,1616052503
429,jiangyou,31.7667,104.7167,70.57,61,99,5.23,CN,1616052504
430,morant bay,17.8815,-76.4093,75.2,69,20,5.75,JM,1616052505
431,jamuria,23.7,87.0833,93.2,43,75,10.36,IN,1616052505
432,levski,43.3667,25.1333,43.0,80,100,3.0,BG,1616052506
433,ardakan,32.31,54.0175,78.8,24,0,9.22,IR,1616052507
434,juruti,-2.1522,-56.0922,73.44,96,100,2.64,BR,1616052507
435,arman,59.7,150.1667,14.11,70,0,3.83,RU,1616052508
436,ardahan,41.1087,42.7022,30.38,90,100,5.48,TR,1616052509
437,terra santa,-2.1042,-56.4869,73.62,97,100,1.7,BR,1616052510
438,aklavik,68.2191,-135.0107,-9.4,77,15,6.91,CA,1616052510
439,kindu,-2.95,25.95,76.1,82,98,2.26,CD,1616052511
440,pizhma,57.8642,47.1171,24.42,93,100,4.83,RU,1616052512
441,buraydah,26.326,43.975,82.4,39,0,4.61,SA,1616052512
442,belmonte,-15.8631,-38.8828,73.4,94,40,2.3,BR,1616052513
443,mosquera,4.7059,-74.2302,53.6,94,75,3.44,CO,1616052514
444,mayo,38.8876,-76.5119,46.0,100,90,6.91,US,1616052515
445,cayeli,41.0923,40.7292,49.32,90,100,4.79,TR,1616052516
446,ballina,-28.8667,153.5667,73.4,83,75,13.8,AU,1616052516
447,high rock,26.6208,-78.2833,73.4,83,20,8.05,BS,1616052517
448,taupo,-38.6833,176.0833,57.0,62,0,5.01,NZ,1616052439
449,cantapoy,9.4906,125.4364,86.31,67,4,9.01,PH,1616052518
450,praia,14.9215,-23.5087,68.0,45,0,11.5,CV,1616052519
451,severnyy,50.677,36.5532,32.0,93,90,6.71,RU,1616052520
452,monrovia,6.3005,-10.7969,73.4,94,40,4.68,LR,1616052520
453,ust-kuyga,70.0167,135.6,-22.2,81,58,5.37,RU,1616052521
454,okakarara,-20.5833,17.4333,70.29,66,13,5.03,NA,1616052522
455,ylojarvi,61.5563,23.5961,26.01,74,20,10.36,FI,1616052523
456,paola,39.3599,16.0396,41.0,91,100,1.01,IT,1616052523
457,velka bites,49.2884,16.2274,37.99,86,20,11.5,CZ,1616052524
458,sabalgarh,26.25,77.4,95.99,14,89,9.4,IN,1616052526
459,kapit,2.0167,112.9333,87.87,66,33,3.76,MY,1616052526
460,santa cruz,-17.8,-63.1667,71.6,83,75,16.11,BO,1616052527
461,esil,51.9556,66.4042,21.79,70,100,11.25,KZ,1616052528
462,sukhovolya,49.8243,23.8377,32.0,74,75,11.18,UA,1616052529
463,nauta,-4.5061,-73.5757,71.98,99,100,2.55,PE,1616052529
464,kaoma,-14.7833,24.8,70.23,88,92,5.66,ZM,1616052530
465,bambous virieux,-20.3428,57.7575,84.2,58,40,11.5,MU,1616052531
466,galdar,28.147,-15.6502,63.0,67,20,17.27,ES,1616052531
467,mweka,-4.85,21.5667,76.01,78,100,1.05,CD,1616052532
468,taiping,4.85,100.7333,91.4,62,40,4.61,MY,1616052533
469,urucara,-2.5364,-57.76,73.2,97,100,2.53,BR,1616052534
470,mayskiy,47.6931,40.1025,41.0,93,40,8.95,RU,1616052534
471,bogense,55.5669,10.0886,35.01,86,0,1.14,DK,1616052535
472,opuwo,-18.0607,13.84,69.85,53,100,5.19,NA,1616052536
473,harrisonville,38.6533,-94.3488,35.6,93,90,17.27,US,1616052536
474,verkhnevilyuysk,63.4453,120.3167,1.6,83,73,3.2,RU,1616052538
475,camapua,-19.5314,-54.0439,70.63,91,100,2.44,BR,1616052538
476,shar,49.5886,81.0453,24.75,79,100,9.04,KZ,1616052539
477,dingle,10.9995,122.6711,87.19,69,13,11.36,PH,1616052540
478,avera,33.194,-82.5271,64.4,95,90,8.05,US,1616052540
479,hammerfest,70.6634,23.6821,23.0,86,40,8.05,NO,1616052541
480,sioux lookout,50.1001,-91.917,24.8,68,1,4.41,CA,1616052542
481,constitucion,-35.3333,-72.4167,52.39,89,0,2.04,CL,1616052356
482,sosua,19.7667,-70.5167,69.8,94,40,9.89,DO,1616052543
483,vostok,46.4856,135.8833,26.28,86,100,8.28,RU,1616052544
484,nuevo casas grandes,30.4167,-107.9167,47.61,20,6,2.66,MX,1616052544
485,verkhnyaya inta,65.9811,60.3094,25.07,92,100,4.7,RU,1616052545
486,naron,43.5167,-8.1528,51.01,93,20,3.44,ES,1616052546
487,bambanglipuro,-7.95,110.2833,84.94,73,100,10.42,ID,1616052547
488,atherton,53.5237,-2.4935,44.01,90,95,3.0,GB,1616052548
489,mitu,1.1983,-70.1733,71.11,98,54,2.55,CO,1616052548
490,naze,28.3667,129.4833,69.8,94,75,2.3,JP,1616052549
491,mahibadhoo,3.7833,72.9667,81.82,73,15,4.16,MV,1616052550
492,port hardy,50.6996,-127.4199,48.2,71,90,17.27,CA,1616052551
493,bathsheba,13.2167,-59.5167,75.2,69,40,10.36,BB,1616052551
494,rorvik,64.8621,11.2373,33.8,93,40,2.3,NO,1616052552
495,magistralnyy,56.1725,107.4458,25.81,80,100,0.69,RU,1616052553
496,puerto colombia,10.9878,-74.9547,78.8,78,0,8.05,CO,1616052553
497,ulaanbaatar,47.9077,106.8832,24.8,50,40,20.13,MN,1616052542
498,saint-augustin,51.226,-58.6502,9.57,83,100,4.12,CA,1616052555
499,vestmanna,62.1564,-7.1664,42.8,100,99,12.08,FO,1616052555
500,yuci,37.6803,112.7319,42.8,65,40,11.18,CN,1616052556
501,kholm,59.2667,32.85,29.25,86,100,5.7,RU,1616052557
502,hobyo,5.3505,48.5268,84.54,68,55,12.5,SO,1616052557
503,crawley,51.113,-0.1831,42.01,87,75,8.05,GB,1616052559
504,zemio,5.0314,25.1361,73.72,83,100,5.97,CF,1616052559
505,liverpool,53.4106,-2.9779,46.4,100,90,11.5,GB,1616052560
506,hami,42.8,93.45,41.16,53,100,8.25,CN,1616052561
507,clarence town,-32.5833,151.7833,66.2,100,75,5.75,AU,1616052561
508,sistranda,63.7256,8.834,39.2,93,90,16.11,NO,1616052562
509,ilhabela,-23.7781,-45.3581,77.22,78,100,4.29,BR,1616052549
510,coquimbo,-29.9533,-71.3436,55.4,88,0,3.44,CL,1616052264
511,amapa,1.0,-52.0,67.96,99,98,2.42,BR,1616052564
512,tacuati,-23.45,-56.5833,70.72,97,70,4.36,PY,1616052565
513,saldanha,-33.0117,17.9442,60.8,82,90,11.5,ZA,1616052565
514,krasnoarmeysk,51.0239,45.6969,32.0,93,41,1.99,RU,1616052299
515,goure,13.9835,10.2704,86.0,14,5,7.0,NE,1616052567
516,bara,10.3744,10.7288,82.81,31,63,4.29,NG,1616052568
517,alta floresta,-9.8756,-56.0861,70.56,98,100,1.34,BR,1616052568
518,bercel,47.8706,19.4072,39.99,65,0,6.91,HU,1616052569
519,tiarei,-17.5333,-149.3333,80.6,74,20,3.44,PF,1616052570
520,le lamentin,14.6153,-61.0019,75.2,78,20,3.44,MQ,1616052571
521,kamogawa,35.1,140.1,63.0,55,20,10.36,JP,1616052571
522,asyut,27.181,31.1837,57.2,51,0,5.75,EG,1616052572
523,tranas,58.0372,14.9782,33.8,86,0,5.75,SE,1616052573
524,clarksburg,39.2807,-80.3445,57.2,67,90,5.75,US,1616052545
525,makokou,0.5738,12.8642,71.6,94,75,0.96,GA,1616052574
526,zelenogorskiy,55.0333,87.0,15.8,79,75,13.42,RU,1616052575
527,shimoda,34.6667,138.95,59.0,67,75,3.44,JP,1616052575
528,bud,39.447,-86.1758,55.0,98,100,9.37,US,1616052576
529,bosaso,11.2842,49.1816,82.4,61,0,17.27,SO,1616052390
530,olavarria,-36.8927,-60.3225,46.0,88,0,7.38,AR,1616052577
531,porto novo,6.4965,2.6036,80.6,83,40,5.75,BJ,1616052578
532,una,20.8167,71.0333,89.47,29,3,12.3,IN,1616052579
533,vredendal,-31.6683,18.5012,64.83,78,59,6.96,ZA,1616052579
534,haapiti,-17.5667,-149.8667,80.6,74,20,3.44,PF,1616052580
535,dhidhdhoo,6.8833,73.1,83.43,63,89,4.68,MV,1616052581
536,troitsko-pechorsk,62.7084,56.1964,26.06,92,100,9.28,RU,1616052581
537,araouane,18.9048,-3.5265,67.5,15,0,6.8,ML,1616052582
538,san angelo,31.4638,-100.437,45.0,70,1,9.86,US,1616052583
539,kansas city,39.0997,-94.5786,37.99,87,90,19.57,US,1616052341
540,auki,-8.7676,160.7034,80.83,80,90,1.9,SB,1616052584
